{
 "timestamp": "2026-07-07T16:04:24.382513+00:00",
 "confirmed_models": [],
 "models": {
  "chronos-t5-mini": {
   "heads": [],
   "h2_layer": 0,
   "halves": {
    "head_ablation": {
     "passed": false,
     "reason": "no H1 heads selected"
    },
    "projection": {
     "d_trend": [
      0.0012797413475133454,
      -0.004728107020799448,
      -0.0014352602575722411,
      -0.0019235093590716235,
      -0.00040192385242359546,
      0.0009735932614474141,
      -0.00038918025691148106,
      -0.0019641171890313995,
      -0.0016136277829427378,
      -0.001465292468722533,
      -0.001472812595372856,
      -0.0014862889726977302,
      -0.0005529622322465663,
      0.0022696237114613327,
      -0.0031029234796310506
     ],
     "d_seasonal": [
      0.01003313817846066,
      0.007060038076827299,
      0.0004901007337953442,
      -0.0006131407126980792,
      0.004481964095802066,
      -0.004227652874101248,
      -0.0071255518392813605,
      0.009249197743518999,
      -0.0049082534345175,
      -0.00023038325142658855,
      0.014340531025972797,
      0.002381054581105546,
      0.004142365351954974,
      0.0033183232159776643,
      -4.05586833690276e-05
     ],
     "ratio": [
      -0.41753735870560627,
      -3.2138231141681386,
      1.4879666617741494
     ],
     "passed": false
    }
   },
   "confirmed": false
  },
  "chronos-t5-small": {
   "heads": [
    [
     5,
     7
    ],
    [
     4,
     1
    ],
    [
     4,
     7
    ]
   ],
   "h2_layer": 0,
   "halves": {
    "head_ablation": {
     "d_seasonal": [
      0.0004428680363386811,
      -0.021913132300657223,
      0.13554994938863912,
      0.015271132609001842,
      -0.011819282773959466,
      0.37057592509487586,
      -0.018477984505057207,
      0.02188058991099412,
      0.023136592561069105,
      0.004061788341945628,
      -0.0328438857677653,
      0.07306253779271188,
      0.020520790903702596,
      -0.030206928215087053,
      -0.0018701205236837243
     ],
     "d_trend": [
      0.0036366172840690825,
      0.009769888302176413,
      0.004056510711279599,
      -0.00018048596977022872,
      -0.016697630162111156,
      -0.01585130454157313,
      -0.008427587045549648,
      0.0006890471503138169,
      -0.008663410168439759,
      -0.005574504736431951,
      -0.002112769709196105,
      0.0010544814247537837,
      -0.004373936973371011,
      -0.010700549002777773,
      0.004768300786448312
     ],
     "ratio": [
      -11.261075453212397,
      -73.65465660786413,
      33.08602950206481
     ],
     "passed": false
    },
    "projection": {
     "d_trend": [
      -0.0015118351694912643,
      -0.0013330164946634207,
      -0.000954834294877499,
      0.0006556992432853286,
      -0.0008996463429092882,
      -0.000691172777684268,
      -0.001498605734167116,
      0.001653534215310063,
      -0.002233789719165241,
      0.00032439385724931935,
      -0.0005352808035347751,
      0.0005253189857242768,
      0.001037935145783063,
      0.0011442885534415706,
      0.0004006691051940559
     ],
     "d_seasonal": [
      0.0008337909049745199,
      0.0006379271624758764,
      -0.0029189336449937098,
      -0.0035128795861883444,
      0.003488540365943038,
      -0.0010887900719599303,
      -0.003870305993566789,
      0.005896910110367873,
      0.004294400946700069,
      -0.002684302003984028,
      -0.001493594675287535,
      0.006561280417346049,
      0.0022420773715053077,
      -0.0006637655040835633,
      0.0013383404405538021
     ],
     "ratio": [
      -0.43223413817816086,
      -5.120039586284059,
      4.986200092631093
     ],
     "passed": false
    }
   },
   "confirmed": false
  },
  "chronos-t5-base": {
   "heads": [
    [
     9,
     11
    ],
    [
     2,
     11
    ],
    [
     0,
     11
    ],
    [
     8,
     11
    ],
    [
     8,
     7
    ],
    [
     10,
     11
    ],
    [
     7,
     11
    ]
   ],
   "h2_layer": 0,
   "halves": {
    "head_ablation": {
     "d_seasonal": [
      -0.04071291932523738,
      0.036863765726370415,
      -0.04289411582347491,
      -0.0882121376383034,
      -0.014903207811335112,
      -0.012119840378730207,
      -0.07984280983254816,
      -0.00536867800894586,
      0.05551958611736785,
      -0.01867023478114234,
      -0.02159431849710844,
      -0.006031526815390875,
      0.07004790468226291,
      -0.010858884926400802,
      0.016943927070417565
     ],
     "d_trend": [
      -0.0034222665883608394,
      -0.0004006613545476309,
      -0.009296947321768034,
      0.004262033528701654,
      0.006280749491909689,
      -0.01523787758684668,
      -0.004359748946110582,
      0.0012175763721011673,
      0.002984949534195265,
      0.0009328703124946158,
      -0.010450596446123313,
      0.008113598560710172,
      0.005402811247330067,
      0.009457311963042496,
      0.006778476225368885
     ],
     "ratio": [
      -71.53560228758224,
      -102.09204236856482,
      114.18563885520815
     ],
     "passed": false
    },
    "projection": {
     "d_trend": [
      0.00034076571475720463,
      -0.00017804611352076338,
      0.0002223374634093521,
      0.0001370354412288631,
      -0.00031926154882565977,
      -0.00011370706707491268,
      0.00014699566379888784,
      -0.0009179308420148493,
      0.0005772860282608483,
      -0.00042561615753410054,
      -0.00028363203453067934,
      0.0005546716190705375,
      0.00020043997860295232,
      -0.0005338854755457655,
      0.0002851661732043171
     ],
     "d_seasonal": [
      0.00013534128940282525,
      -0.00015613909451112594,
      0.0024200792060859316,
      -0.002012530215038555,
      0.000363705981458351,
      -0.00019457915739640175,
      0.0010616075340066644,
      -6.935830207967925e-05,
      0.00018746882324641168,
      -0.000304288026874721,
      -0.0011585143797643305,
      0.0013782799310517457,
      -0.0010328448160963205,
      0.0002180612399070997,
      -0.0015559348935099103
     ],
     "ratio": [
      0.4271289426333762,
      -4.739370467334025,
      4.67166526280797
     ],
     "passed": false
    }
   },
   "confirmed": false
  },
  "chronos-t5-large": {
   "heads": [
    [
     22,
     1
    ],
    [
     12,
     1
    ],
    [
     11,
     1
    ],
    [
     23,
     1
    ],
    [
     9,
     1
    ],
    [
     10,
     1
    ],
    [
     18,
     8
    ],
    [
     14,
     1
    ],
    [
     18,
     1
    ],
    [
     21,
     1
    ],
    [
     3,
     1
    ],
    [
     2,
     1
    ],
    [
     6,
     1
    ],
    [
     13,
     1
    ],
    [
     8,
     1
    ],
    [
     7,
     1
    ],
    [
     17,
     1
    ],
    [
     5,
     1
    ],
    [
     15,
     1
    ],
    [
     19,
     1
    ],
    [
     20,
     1
    ],
    [
     16,
     1
    ],
    [
     1,
     1
    ],
    [
     4,
     1
    ],
    [
     0,
     8
    ],
    [
     11,
     0
    ],
    [
     23,
     0
    ],
    [
     11,
     4
    ]
   ],
   "h2_layer": 0,
   "halves": {
    "head_ablation": {
     "d_seasonal": [
      -0.003455006515002662,
      -0.013291791244405715,
      -0.00505344990991155,
      -0.04454735154762074,
      0.0013203281340415096,
      -0.0021161964633282793,
      0.015017299424084196,
      -0.005812462059736133,
      0.045613369525198746,
      -0.024194181820283378,
      0.01298296580053393,
      -0.009864399562452858,
      0.02289637975608902,
      -0.009613555541972955,
      -0.006980034075060669
     ],
     "d_trend": [
      -0.0005689049591058801,
      0.006944341248254972,
      -0.001750392351693779,
      0.013547164557527795,
      0.0012180216077700978,
      -0.0032539251394043955,
      -0.00034640841741960526,
      0.0033223015218783875,
      0.009933749256119478,
      0.008861273786968979,
      -0.002064216361368971,
      0.008374805897887111,
      0.005021704488651604,
      0.005787446880141751,
      -7.562700596699945e-05
     ],