{
 "timestamp": "2026-07-07T15:47:43.925548+00:00",
 "confirmed_models": [],
 "h2_general": false,
 "models": {
  "chronos-t5-mini": {
   "layer": 0,
   "loo": [
    1.0,
    1.0,
    1.0,
    1.0
   ],
   "chosen_f": 2.0,
   "alpha": 40.44866180419922,
   "selection_stats": {
    "0.05": [
     0.6,
     0.0011946246989092994
    ],
    "0.1": [
     0.6,
     0.0022272073795830748
    ],
    "0.2": [
     0.6,
     0.004286680043868857
    ],
    "0.5": [
     0.45,
     0.00820903560918896
    ],
    "1.0": [
     0.45,
     0.012850936530104627
    ],
    "2.0": [
     0.6,
     0.02615381862582209
    ]
   },
   "probe_acc": 1.0,
   "steer_correct": 0.6,
   "steer_median": 0.02089602298539039,
   "confirmed": false,
   "exploratory": {
    "4x_alpha": [
     0.5,
     1.9803239378578723
    ],
    "all_layers": [
     0.8166666666666667,
     1.5158908528359505
    ]
   }
  },
  "chronos-t5-small": {
   "layer": 0,
   "loo": [
    1.0,
    1.0,
    1.0,
    1.0,
    1.0,
    1.0
   ],
   "chosen_f": 2.0,
   "alpha": 41.838199615478516,
   "selection_stats": {
    "0.05": [
     0.65,
     0.0009832835675023918
    ],
    "0.1": [
     0.7,
     0.0016010214141005735
    ],
    "0.2": [
     0.8,
     0.0031065155463124985
    ],
    "0.5": [
     0.8,
     0.011465602104867958
    ],
    "1.0": [
     0.8,
     0.025684760563015486
    ],
    "2.0": [
     0.55,
     0.9892613742274958
    ]
   },
   "probe_acc": 1.0,
   "steer_correct": 0.5333333333333333,
   "steer_median": 0.5514669120396608,
   "confirmed": false,
   "exploratory": {
    "4x_alpha": [
     0.75,
     2.184867134759214
    ],
    "all_layers": [
     0.7333333333333333,
     1.905230374333493
    ]
   }
  },
  "chronos-t5-base": {
   "layer": 0,
   "loo": [
    1.0,
    1.0,
    1.0,
    1.0,
    1.0,
    1.0,
    1.0,
    1.0,
    1.0,
    1.0,
    1.0,
    1.0
   ],
   "chosen_f": 2.0,
   "alpha": 261.4012145996094,
   "selection_stats": {
    "0.05": [
     0.55,
     0.00024385607213267823
    ],
    "0.1": [
     0.55,
     0.0006927336927391393
    ],
    "0.2": [
     0.6,
     0.0016670244305313762
    ],
    "0.5": [
     0.45,
     0.003775437357881303
    ],
    "1.0": [
     0.55,
     0.01365472194311491
    ],
    "2.0": [
     0.55,
     0.025925063421537234
    ]
   },
   "probe_acc": 1.0,
   "steer_correct": 0.5333333333333333,
   "steer_median": 0.022608785239013218,
   "confirmed": false,
   "exploratory": {
    "4x_alpha": [
     0.5,
     1.7533079243373175
    ],
    "all_layers": [
     0.5833333333333334,
     0.17761556615225005
    ]
   }
  },
  "chronos-t5-large": {
   "layer": 0,
   "loo": [
    1.0,
    1.0,
    1.0,
    1.0,
    1.0,
    1.0,
    1.0,
    1.0,
    1.0,
    1.0,
    1.0,
    1.0,
    1.0,
    1.0,
    1.0,
    1.0,
    1.0,
    1.0,
    1.0,
    1.0,
    1.0,
    1.0,
    1.0,
    1.0
   ],
   "chosen_f": 2.0,
   "alpha": 1067.4495849609375,
   "selection_stats": {
    "0.05": [
     0.2,
     0.0016816711580033487
    ],
    "0.1": [
     0.35,
     0.002938123335354432
    ],
    "0.2": [
     0.6,
     0.0058320087385180484
    ],
    "0.5": [
     0.55,
     0.019359671510245317
    ],
    "1.0": [
     0.5,
     0.8510752304426965
    ],
    "2.0": [
     0.5,
     1.6487345925208448
    ]
   },
   "probe_acc": 1.0,
   "steer_correct": 0.5,
   "steer_median": 1.6734666892845604,
   "confirmed": false,
   "exploratory": {
    "4x_alpha": [
     0.5,
     1.8556045280186078
    ],
    "all_layers": [
     0.5,
     1.6261563111590505
    ]
   }
  }
 }
}