{
 "model": "amazon/chronos-t5-large",
 "seasonal_heads": [
  [
   0,
   8
  ],
  [
   10,
   9
  ],
  [
   10,
   14
  ],
  [
   11,
   0
  ],
  [
   11,
   1
  ],
  [
   11,
   4
  ],
  [
   11,
   13
  ],
  [
   12,
   4
  ],
  [
   12,
   10
  ],
  [
   18,
   8
  ],
  [
   18,
   10
  ],
  [
   20,
   14
  ],
  [
   21,
   10
  ],
  [
   23,
   0
  ],
  [
   23,
   15
  ]
 ],
 "cp_heads": [
  [
   23,
   0
  ],
  [
   19,
   9
  ],
  [
   12,
   13
  ],
  [
   22,
   15
  ],
  [
   18,
   5
  ]
 ],
 "overlap": [
  [
   23,
   0
  ]
 ],
 "probe_layer": 19,
 "seeds": [
  0,
  1,
  2,
  3,
  4,
  5,
  6,
  7,
  8,
  9
 ],
 "intact_crps": {
  "seasonal": 0.07993769349052812,
  "trend": 0.010512071628783506,
  "changepoint": 0.09445794483115762,
  "mixed": 0.03622028286757949
 },
 "table": {
  "seasonal_heads": {
   "seasonal": {
    "dcrps": [
     -0.040957752751747775,
     0.007973578475527154,
     0.012599471810268409,
     0.020714186958276443,
     -0.053432457701039174,
     0.06342213708866537,
     -0.016498182228067454,
     0.004931326285913258,
     0.0743754887891091,
     0.006737498839906694
    ],
    "dabs": [
     -0.03764634956590408,
     0.029935003699208464,
     0.032387111169154076,
     0.06598936305266649,
     -0.03947127863103661,
     0.048791608104408746,
     -0.026501026878269718,
     -0.006386037832799034,
     0.010337624855254704,
     0.004054265773878102
    ],
    "mean": 0.007986529556681204,
    "ci": [
     -0.015116682311168948,
     0.03201710464688889
    ]
   },
   "trend": {
    "dcrps": [
     0.0017249513692777392,
     0.0030687122021241485,
     -0.0026988987356862957,
     8.741075818079896e-05,
     -0.0006873993213927163,
     -0.00018945736836006866,
     -0.0006003590722789996,
     -0.003626405228913425,
     0.0015447478334630182,
     0.0026805565007828394
    ],
    "dabs": [
     0.002227495514873744,
     0.004830684184701842,
     -0.007052597157331932,
     2.3316336112912464e-05,
     -0.0008206671776641826,
     -0.0004266304982932928,
     -0.0018029877648976862,
     -0.005116171916781631,
     0.0017405011264432693,
     0.003753241527189921
    ],
    "mean": 0.00013038589371970393,
    "ci": [
     -0.0011863724662253318,
     0.001388407810113069
    ]
   },
   "changepoint": {
    "dcrps": [
     0.0330778170674995,
     0.08327994932966842,
     -0.02067431122127343,
     0.01983452137495175,
     0.021112662677883726,
     -0.006344876150208123,
     0.040561273665069175,
     0.009013074471090326,
     0.13690604529746309,
     0.06299315613971324
    ],
    "dabs": [
     0.09990012068255541,
     -0.04964917362139424,
     -0.0918762162359367,
     -0.00838584186631013,
     -0.15269914126266765,
     -0.007661153286643241,
     0.06950605888435031,
     0.013810991449845624,
     0.20933785713007924,
     0.1754409927002039
    ],
    "mean": 0.03797593126518577,
    "ci": [
     0.012717223391776602,
     0.0667349674629208
    ]
   },
   "mixed": {
    "dcrps": [
     0.017378922573916475,
     0.01522923433083504,
     -0.03484063929111565,
     0.0034295779291975605,
     -0.011257093898720434,
     -0.01700707224336811,
     -0.029426000642543415,
     0.013690901576241301,
     0.02521396248300231,
     -0.008357621098661599
    ],
    "dabs": [
     0.041064743440109686,
     -0.008974105239473392,
     -0.03555284486975205,
     -0.0010054902747577768,
     0.015162645743049152,
     0.010938581302938663,
     -0.03888519709982938,
     0.01563220824185726,
     0.043336232447446464,
     -0.0014430006317765753
    ],
    "mean": -0.0025945828281216518,
    "ci": [
     -0.014949315903802371,
     0.009397434823094132
    ]
   }
  },
  "trend_direction": {
   "seasonal": {
    "dcrps": [
     0.7676804835356403,
     0.7680910847247292,
     0.7069785610322583,
     0.11481729980739014,
     1.5640587175231253,
     0.9525141937366749,
     1.173214650005727,
     1.7285688708358786,
     0.773696496009251,
     0.7414642096931789
    ],
    "dabs": [
     1.065011647307798,
     1.0656560350463895,
     0.8411671535969232,
     0.21484529914620182,
     1.7182301148956638,
     1.028258948069648,
     1.3900770484870213,
     1.9249862439807548,
     0.8783486533710719,
     1.0528211880034344
    ],
    "mean": 0.9291084566903853,
    "ci": [
     0.665107386573988,
     1.2014493434207014
    ]
   },
   "trend": {
    "dcrps": [
     0.18239327801259073,
     1.7718708209563905,
     0.22748245274548104,
     0.33038043974129006,
     0.11239958343895926,
     0.2874926640035649,
     0.06931682427303712,
     0.37845419697196353,
     0.1754494963861332,
     0.7392888961417144
    ],
    "dabs": [
     0.6392083967010186,
     2.136314165019039,
     0.7071679957075334,
     0.39460257726934095,
     0.19851073174057368,
     0.3629186880217409,
     0.12469804638351843,
     0.4696033691302171,
     0.3342540476013796,
     1.35552986907092
    ],
    "mean": 0.4274528652671125,
    "ci": [
     0.19630452664615847,
     0.7676105136840328
    ]
   },
   "changepoint": {
    "dcrps": [
     1.7945208833007298,
     0.5472496270738436,
     1.6479087753162374,
     0.6183584312364102,
     0.5642531777518257,
     0.4065891212889283,
     0.3450137406228161,
     1.2964320465351347,
     0.8750685634336514,
     0.16078039215018702
    ],
    "dabs": [
     2.0671164168217597,
     0.6808435953545557,
     1.9547698180632143,
     0.8042845167673293,
     0.5985656614564396,
     0.5006129307686927,
     0.49826962022792587,
     1.7014153530178204,
     1.0993162016436124,
     0.25865941606040393
    ],
    "mean": 0.8256174758709763,
    "ci": [
     0.5150484363937272,
     1.170999205097234
    ]
   },
   "mixed": {
    "dcrps": [
     0.5272262756035759,
     0.5795782528438471,
     0.8644677243967723,
     0.6144966673348103,
     0.5357196384594414,
     0.4553017470404764,
     0.3665756954013195,
     0.8227965942910055,
     0.7099594868449658,
     0.2959886495250095
    ],
    "dabs": [
     0.5701553120317697,
     0.7009468953235087,
     0.9195669004258078,
     0.6811567035637851,
     0.5875855127515496,
     0.47575111294638184,
     0.40140798170532055,
     0.955836770734446,
     0.7712257955214765,
     0.411417999191353
    ],
    "mean": 0.5772110731741223,
    "ci": [
     0.47070042528431855,
     0.6845230693105672
    ]
   }
  },
  "cp_heads": {
   "seasonal": {
    "dcrps": [
     0.0020477748800235146,
     0.00601885003267006,
     0.04059974736695406,
     0.012869282383612849,
     -0.019161684222462408,
     -0.005884898620866552,
     0.03566074334431066,
     0.0242548798714307,
     0.036414012140287055,
     -0.004019195979781426
    ],
    "dabs": [
     0.035988898706991346,
     -0.02358409207926103,
     0.08663266845933298,
     -0.004475230322657692,
     0.012400475231771818,
     0.03688349586830214,
     0.03672590133750875,
     0.03200590469923477,
     0.0015393412516505334,
     0.000555563209412413
    ],
    "mean": 0.012879951119617853,
    "ci": [
     0.0007931998621851444,
     0.02503469526508895
    ]
   },
   "trend": {
    "dcrps": [
     0.001237208886733291,
     0.002388164412071462,
     -0.0005209351213690452,
     -0.0006504841087074035,
     -0.0002883774871711847,
     8.256401497881011e-05,
     -0.0002574756884407437,
     -0.0006704836300378538,
     -1.9349956206842975e-05,
     0.0014004972898322837
    ],
    "dabs": [
     0.001448165066039675,
     0.003880292304355999,
     -0.0010509098225795436,
     -0.0036106512287650836,
     -0.0002460151794800962,
     9.69502349744758e-05,
     -0.0009938963725060822,
     -0.0008430688943431358,
     -3.943718664448266e-05,
     0.001694903254401768
    ],
    "mean": 0.0002701328611682773,
    "ci": [
     -0.0002868627663281709,
     0.0009370311886036795
    ]
   },