{
 "model": "amazon/chronos-t5-base",
 "seasonal_heads": [
  [
   0,
   1
  ],
  [
   1,
   1
  ],
  [
   7,
   6
  ],
  [
   8,
   1
  ],
  [
   8,
   7
  ],
  [
   9,
   1
  ],
  [
   9,
   10
  ],
  [
   9,
   11
  ],
  [
   10,
   6
  ],
  [
   10,
   7
  ],
  [
   10,
   10
  ],
  [
   11,
   1
  ]
 ],
 "cp_heads": [
  [
   9,
   10
  ],
  [
   11,
   1
  ],
  [
   11,
   10
  ],
  [
   8,
   10
  ],
  [
   10,
   10
  ]
 ],
 "overlap": [
  [
   9,
   10
  ],
  [
   10,
   10
  ],
  [
   11,
   1
  ]
 ],
 "probe_layer": 9,
 "seeds": [
  0,
  1,
  2,
  3,
  4,
  5,
  6,
  7,
  8,
  9
 ],
 "intact_crps": {
  "seasonal": 0.07862843688164489,
  "trend": 0.011201799682815995,
  "changepoint": 0.10950715333971983,
  "mixed": 0.03517619242459395
 },
 "table": {
  "seasonal_heads": {
   "seasonal": {
    "dcrps": [
     0.3508805353968057,
     0.2633982369138007,
     0.15536511953057186,
     0.7188122055064294,
     0.6485958454759244,
     0.49292720655939326,
     0.13723222884686678,
     0.23827317089962696,
     0.5056678631215287,
     0.15554229302360204
    ],
    "dabs": [
     0.6077043306023492,
     0.24115442219981667,
     0.19674147195739666,
     1.2397224921526824,
     1.1013985762314795,
     0.8272919991161057,
     -0.08313066256964678,
     0.323345121267803,
     0.956366512504331,
     0.27383124399655906
    ],
    "mean": 0.366669470527455,
    "ci": [
     0.24940339495230746,
     0.4965088150381605
    ]
   },
   "trend": {
    "dcrps": [
     0.0018660253876450483,
     0.0016830646605505949,
     -0.004293166129787427,
     0.0018668550117794127,
     -0.0038219403370469626,
     -0.0009424920792029008,
     -0.003328218233163127,
     -0.0035643383361334217,
     0.0007084972534532625,
     0.0006099619432892098
    ],
    "dabs": [
     0.0023982059941421597,
     0.002549837601515932,
     -0.007777143449447508,
     0.0038604857702149416,
     -0.0032455858640541083,
     -0.0010205743485259544,
     -0.00794020727790004,
     -0.004114337216885979,
     0.0010482145931299258,
     0.0009163690609261393
    ],
    "mean": -0.000921575085861631,
    "ci": [
     -0.00244475699927778,
     0.0005733542512319792
    ]
   },
   "changepoint": {
    "dcrps": [
     1.253095462373956,
     0.29601479895398436,
     1.104892494106736,
     0.5222152815016907,
     0.26064893507458775,
     0.17371481741485115,
     0.6046831696000046,
     0.5597032258994861,
     0.06992626219598555,
     0.326257054308565
    ],
    "dabs": [
     1.689813676690578,
     0.4933715853474221,
     1.6209492366179825,
     0.946726326745355,
     0.4793582516939663,
     0.31070979017971023,
     1.1019614129196844,
     0.990917203047517,
     -0.10316972285863923,
     0.5614966202729996
    ],
    "mean": 0.5171151501429847,
    "ci": [
     0.3075274759443862,
     0.7602541882993734
    ]
   },
   "mixed": {
    "dcrps": [
     0.1816777219046511,
     0.09295759323034834,
     0.040479275631734826,
     0.14380569865955783,
     0.1986253879052336,
     0.025442706263654878,
     0.00674151327647228,
     0.14605810971383762,
     0.09956372653864072,
     0.03223130775052348
    ],
    "dabs": [
     0.30596555574188217,
     0.01682179760186904,
     -0.037423838529473785,
     0.2512792594236656,
     0.33745078728908273,
     0.005950916480244234,
     0.005291020002258763,
     0.18367646401937196,
     0.1810260880787202,
     0.06324850407179614
    ],
    "mean": 0.09675830408746548,
    "ci": [
     0.057843894345829934,
     0.13794053031200765
    ]
   }
  },
  "trend_direction": {
   "seasonal": {
    "dcrps": [
     -0.008745086573916636,
     0.00010857697722582021,
     -0.002183571860707334,
     -0.001321837990128312,
     0.0041765078083361995,
     -0.01564172605598152,
     0.004189711630283838,
     -0.0003859374091703324,
     0.009195889154177822,
     -0.007593167774001756
    ],
    "dabs": [
     -0.009812809278760187,
     4.429381024235318e-05,
     -0.00495327130837106,
     -0.006284431104358518,
     0.003964546531597585,
     -0.017299792472675962,
     0.00684594691036805,
     -0.0010918154503556446,
     0.02690384453042001,
     -0.013881817971134844
    ],
    "mean": -0.001820064209388221,
    "ci": [
     -0.006254177235293437,
     0.0023046093732778886
    ]
   },
   "trend": {
    "dcrps": [
     -0.0021309860558724972,
     0.001521734075813904,
     -0.001924634754442731,
     -0.000789797850790488,
     0.004132941333439267,
     -0.0030359947919545646,
     -0.0020210882312982,
     0.0032281432154157106,
     0.003089463071644257,
     0.002347115395593402
    ],
    "dabs": [
     -0.0032059974905168914,
     0.002358866893827685,
     -0.003116402671624054,
     -0.0053801279763740235,
     0.004644604516285535,
     -0.004354475285913539,
     -0.0042416540298877755,
     0.003928143120633647,
     0.003876268161345977,
     0.00271243200981032
    ],
    "mean": 0.000441689540754806,
    "ci": [
     -0.0011368013578513746,
     0.0020026515926134356
    ]
   },
   "changepoint": {
    "dcrps": [
     0.003975795967547907,
     0.001725163142284665,
     0.0018913897248964417,
     -0.0003831756716596302,
     0.0019842244710723406,
     -0.017404398286947786,
     0.000527318679573216,
     0.001078524817886381,
     0.0011101963342000365,
     0.008458928468580595
    ],
    "dabs": [
     0.004382945053774567,
     0.0033484382904710175,
     0.003857475313790923,
     -0.015813705268815193,
     0.0038119877123058143,
     -0.02047351425467392,
     -0.009353852484684608,
     0.008053629732487312,
     0.0009284603618615606,
     0.008891705741812084
    ],
    "mean": 0.0002963967647434167,
    "ci": [
     -0.004248731816282789,
     0.0034850845389685888
    ]
   },
   "mixed": {
    "dcrps": [
     0.00040656872257053417,
     0.0021068076407884783,
     0.0004725820632620059,
     -0.0010255020165351285,
     -0.005700888715439743,
     0.003939874707432976,
     0.004178836826939744,
     0.0016969594618359714,
     -0.0001413012229254107,
     -0.0028955055994698414
    ],
    "dabs": [
     0.0011250461368217737,
     0.0032020509035327657,
     0.0007120801562795348,
     -0.0014905727501897705,
     -0.005106439447738968,
     0.004869663562273099,
     0.004620672315170125,
     0.0033308567519892487,
     8.061388368133318e-05,
     -0.0027445570688535287
    ],
    "mean": 0.00030384318684595867,
    "ci": [
     -0.0015262397488111903,
     0.0019915466967542184
    ]
   }
  },
  "cp_heads": {
   "seasonal": {
    "dcrps": [
     0.045372729452743774,
     0.11354031511094521,
     0.04893402479583309,
     0.051476648606782395,
     0.11399921942661023,
     -0.02857566878863893,
     0.09646132377071123,
     0.06391057866072074,
     0.045512008085029795,
     0.021710592151137117
    ],
    "dabs": [
     0.12972595596715952,
     0.17436205305903033,
     -0.022578631429867504,
     0.013938958160847358,
     0.31463120537296707,
     -0.03602714921830097,
     0.12609529410857717,
     0.026130470291544916,
     -0.030529304336932715,
     -0.00857193747321855
    ],
    "mean": 0.05723417712718746,
    "ci": [
     0.030772899969206277,
     0.08183562415340657
    ]
   },
   "trend": {
    "dcrps": [
     0.0024207568400826194,
     0.0008261781815408755,
     -0.0014144861563457805,
     0.0010864740917762464,
     -0.001272065229608002,
     -0.001438229762287668,
     -0.0015671049614230147,
     -0.002398596854536728,
     0.0003394643382037769,
     -0.0013052913313094175
    ],
    "dabs": [
     0.0030713376714666483,
     0.0013106707715486634,
     -0.0020876355074535714,
     0.0022154016757683923,
     -0.0008877862491872175,
     -0.0015869417926370512,
     -0.003145735182058222,
     -0.002573672342013747,
     0.0006143062020389917,
     -0.0013715876860969992
    ],
    "mean": -0.0004722900843907092,
    "ci": [
     -0.0013181091105548283,
     0.0004920753804834506
    ]
   },