{
 "model": "amazon/chronos-t5-small",
 "seasonal_heads": [
  [
   1,
   7
  ],
  [
   4,
   7
  ],
  [
   5,
   7
  ]
 ],
 "cp_heads": [
  [
   5,
   7
  ],
  [
   1,
   7
  ],
  [
   4,
   3
  ],
  [
   0,
   3
  ],
  [
   0,
   2
  ]
 ],
 "overlap": [
  [
   1,
   7
  ],
  [
   5,
   7
  ]
 ],
 "probe_layer": 4,
 "seeds": [
  0,
  1,
  2,
  3,
  4,
  5,
  6,
  7,
  8,
  9
 ],
 "intact_crps": {
  "seasonal": 0.09241515831004402,
  "trend": 0.011337044719384163,
  "changepoint": 0.11456391690348874,
  "mixed": 0.0412314551917109
 },
 "table": {
  "seasonal_heads": {
   "seasonal": {
    "dcrps": [
     0.014805324126920011,
     0.00015502314110895504,
     -0.0022816599749328204,
     0.04101220564573263,
     -0.024731851613319727,
     0.008030186116601584,
     -0.03650561885660608,
     0.003161189048336996,
     0.035045673410031744,
     0.02403595846027612
    ],
    "dabs": [
     0.023775389468282615,
     0.007055319997601832,
     -0.019754997399603225,
     0.1079265370713641,
     -0.00397772403668839,
     0.026774712290418168,
     -0.046170350217931005,
     -0.0025380475974417236,
     0.042452650172738665,
     0.016647672641908112
    ],
    "mean": 0.006272642950414941,
    "ci": [
     -0.008380279515901447,
     0.019890423703619334
    ]
   },
   "trend": {
    "dcrps": [
     -0.003749563387998634,
     0.0022183797007237164,
     -0.0027508933680170794,
     -0.000358892149646111,
     -0.0027672688915082733,
     -0.002490544415140907,
     -0.00026243928966535133,
     0.001110640265938342,
     0.0026605580563069647,
     0.00151239244527155
    ],
    "dabs": [
     -0.004333334003005042,
     0.002636957346431195,
     -0.0042033825638438625,
     -0.004668163653166237,
     -0.0020378829904946355,
     -0.0029198838625220935,
     -0.001078450979846131,
     0.002245375360838823,
     0.0041941497665407956,
     0.0015570046040417618
    ],
    "mean": -0.00048776310337357836,
    "ci": [
     -0.0018406548978110763,
     0.0008884731183050633
    ]
   },
   "changepoint": {
    "dcrps": [
     0.021062490906013115,
     0.006190062022133309,
     -0.0122320927061568,
     0.003430798793746137,
     -0.0108460909004012,
     -0.04359357122119281,
     0.0037979657838029812,
     -2.170644639001157e-06,
     -0.03379282827156527,
     -0.06125906800139247
    ],
    "dabs": [
     0.03834488487606977,
     0.01035304346515225,
     0.016562631707990577,
     -0.04454982319273655,
     -0.02357370466117914,
     -0.021015811062631062,
     -0.0273823069485115,
     -0.016475716680921588,
     -0.03714460166023714,
     -0.07140629951776345
    ],
    "mean": -0.0127244504239652,
    "ci": [
     -0.028497574611713376,
     0.0016301074428413348
    ]
   },
   "mixed": {
    "dcrps": [
     -0.017688938764287038,
     0.011858495081968257,
     0.005846144699609,
     0.007491093169728102,
     -0.03831983756832263,
     0.008116782460900376,
     -0.001874404938991478,
     0.005576749582453746,
     0.017279509991707007,
     -0.012391819926923498
    ],
    "dabs": [
     0.01137116186748148,
     0.01760222886607203,
     0.01187445423692194,
     0.012246262423691975,
     -0.03228938269451048,
     0.0205769293077874,
     0.013355714445919833,
     0.010732000395235896,
     0.013431103490687199,
     -0.032595803424950866
    ],
    "mean": -0.0014106226212158156,
    "ci": [
     -0.012008879096330928,
     0.007383456843773409
    ]
   }
  },
  "trend_direction": {
   "seasonal": {
    "dcrps": [
     0.0029601115668440037,
     -0.0014608334112775102,
     0.0010406994975027464,
     -0.0001490005129010652,
     0.004103879269248656,
     -0.00643188713057799,
     0.0031248898653782053,
     0.00081090863971333,
     -0.003097007615155134,
     -0.0139079033832646
    ],
    "dabs": [
     0.003271261493104194,
     -0.0033527280194096537,
     0.005256458651845403,
     -0.01232886271816869,
     0.005690467492479145,
     -0.006846523680856725,
     0.0027589384623648017,
     0.0045657781498335045,
     -0.00534656840180496,
     -0.024045890674515902
    ],
    "mean": -0.001300614321448936,
    "ci": [
     -0.004823676737749988,
     0.0014967691249961176
    ]
   },
   "trend": {
    "dcrps": [
     -0.0002611117998498596,
     0.0010512690159096855,
     -0.0016325757976892686,
     -0.0010404723723567585,
     0.0031918663840736494,
     -0.003050364588221809,
     -0.0004516059626609552,
     0.0031429731948838108,
     0.002445992629269287,
     0.0008735488032699697
    ],
    "dabs": [
     -0.00034878734731206076,
     0.001595747241433118,
     -0.0024859466323423375,
     -0.004831844332678883,
     0.0038881496787004748,
     -0.0039669216680436326,
     -0.0015206327587501784,
     0.004154777563583319,
     0.0037391817191057067,
     0.0012183173545451467
    ],
    "mean": 0.00042695195066277513,
    "ci": [
     -0.0008199536066475863,
     0.0016478787433229765
    ]
   },
   "changepoint": {
    "dcrps": [
     0.005008453841537822,
     0.000244727095080801,
     0.0015105045573582526,
     0.004357970106223234,
     -0.002973457296740478,
     0.004249845130494978,
     0.00484428320389764,
     0.0004408686556035338,
     0.0009298264185031435,
     0.003676354806008808
    ],
    "dabs": [
     0.008714654704289698,
     0.004272279467544791,
     0.004662284549781209,
     0.012678859401667256,
     -0.0032864515422597884,
     0.0050459097070044145,
     0.013441586718457701,
     0.0012547283408026882,
     0.0012600926786627276,
     0.0023566199637464758
    ],
    "mean": 0.0022289376517967735,
    "ci": [
     0.0006279765583152505,
     0.0037023278077529557
    ]
   },
   "mixed": {
    "dcrps": [
     -0.0015869738007188716,
     -0.0007029115949414534,
     -0.0028316382794847106,
     -0.0019132471441069537,
     -0.0056107177958883425,
     0.0015511418922266595,
     -0.006408511641448858,
     -6.91864555900281e-05,
     -0.000789716157235977,
     0.0006055930947348881
    ],
    "dabs": [
     -0.0001370642981210063,
     -0.0017647101941875984,
     -0.0020991810928164822,
     -0.003057922610396672,
     -0.00467200659112238,
     0.002202361865286301,
     -0.004592470842258833,
     0.004085561748239851,
     0.0007402401858674634,
     0.0010706133719632638
    ],
    "mean": -0.0017756167882453649,
    "ci": [
     -0.0033690471933733135,
     -0.00036825639465516485
    ]
   }
  },
  "cp_heads": {
   "seasonal": {
    "dcrps": [
     0.037522681945848874,
     0.09503725466146812,
     0.021420750399058233,
     0.20978775119681342,
     0.125902479153796,
     -0.02452258708532748,
     0.06421269926741838,
     0.10183374430751801,
     0.1372543073171431,
     -0.025492543043065974
    ],
    "dabs": [
     0.14824655039870585,
     -0.01680159372800201,
     -0.0024531269495816077,
     0.5745471213806668,
     0.3221952040304119,
     -0.21206238348949402,
     0.0821181742797365,
     0.14473035374751755,
     0.38159349382243285,
     -0.16666106916380638
    ],
    "mean": 0.07429565381206707,
    "ci": [
     0.03139520692813352,
     0.11928419707043822
    ]
   },
   "trend": {
    "dcrps": [
     0.006598227369225952,
     0.00033597826491517727,
     -0.004639149930908487,
     0.00028525943343984603,
     -0.0009384999046063575,
     -0.0035418663985263077,
     -0.0004528565871161393,
     -0.005792490933218103,
     0.011206812772751108,
     -0.0007879780505149168
    ],
    "dabs": [
     0.007468792740401537,
     0.0009257353487660512,
     -0.009170783115228148,
     -0.000647144908813891,
     -0.0004134605272035699,
     -0.005164949571656797,
     -0.0006790592761144348,
     -0.008250486009652698,
     0.014367950540801049,
     -0.00044769224184872114
    ],
    "mean": 0.0002273436035441773,
    "ci": [
     -0.002488423506053056,
     0.003492541775058674
    ]
   },