{
 "model": "amazon/chronos-t5-mini",
 "seasonal_heads": [
  [
   2,
   2
  ]
 ],
 "cp_heads": [
  [
   3,
   7
  ],
  [
   2,
   2
  ],
  [
   0,
   2
  ],
  [
   0,
   7
  ],
  [
   3,
   1
  ]
 ],
 "overlap": [
  [
   2,
   2
  ]
 ],
 "probe_layer": 2,
 "seeds": [
  0,
  1,
  2,
  3,
  4,
  5,
  6,
  7,
  8,
  9
 ],
 "intact_crps": {
  "seasonal": 0.11343183064433035,
  "trend": 0.01043601140006172,
  "changepoint": 0.12644660205244657,
  "mixed": 0.04394611586754788
 },
 "table": {
  "seasonal_heads": {
   "seasonal": {
    "dcrps": [
     0.0006352334498470613,
     -0.0013925122002954038,
     -0.014407131167058995,
     0.011689129416110028,
     0.020494245582850484,
     0.02456647022464739,
     -0.018813156381166096,
     -0.0010852532360562453,
     -0.1469676041329857,
     -0.010851611544479611
    ],
    "dabs": [
     -0.024289978419786973,
     -0.0013942212695178119,
     -0.05309320311198504,
     0.0174861320360713,
     0.029599666287988713,
     0.015953517388689664,
     -0.03405817869867642,
     0.00749601058962634,
     -0.4572124008683921,
     -0.14932240405294148
    ],
    "mean": -0.01361321899885871,
    "ci": [
     -0.0462159548102249,
     0.00785968907271134
    ]
   },
   "trend": {
    "dcrps": [
     0.0005572052266983839,
     -4.0663096909679744e-05,
     -0.00028761437966700644,
     0.0016972803541390052,
     -0.0013058380908306001,
     0.001448428897637492,
     -0.00020860442283041937,
     -0.0010358549514055877,
     -0.00045828345323926847,
     0.000464260849201828
    ],
    "dabs": [
     0.000599691013474464,
     0.0001602087492410774,
     -0.0007054201697796357,
     0.0038896311903560826,
     -0.0015242723526326801,
     0.002296261368929898,
     -0.0010911932410321062,
     0.0008793372239753025,
     -0.0010227840647143377,
     0.0009662472961627366
    ],
    "mean": 8.303169327941472e-05,
    "ci": [
     -0.00047063536226816605,
     0.0006643480710684324
    ]
   },
   "changepoint": {
    "dcrps": [
     0.018715514175207476,
     -0.00822712521133899,
     -0.01598032038667751,
     -0.005962285543438008,
     -0.00607009909764239,
     0.024612745803975378,
     0.02299869913642698,
     0.0015583577827702564,
     -0.00240002281188495,
     -0.05329267503806795
    ],
    "dabs": [
     0.019240498745148688,
     -0.0068234126916630194,
     -0.011342237630701829,
     -0.003482316702383574,
     -0.010423048959730646,
     0.013057438418869971,
     -0.02547172640714516,
     0.004633948298473431,
     -0.032411892120766866,
     -0.05654146590028597
    ],
    "mean": -0.002404721119066971,
    "ci": [
     -0.016966459897062015,
     0.010080670896187449
    ]
   },
   "mixed": {
    "dcrps": [
     0.026725772381795687,
     -0.050322282222963734,
     -0.024033066303274727,
     0.0033641460082052786,
     0.009400197700310642,
     0.002872336076381477,
     -0.012920619010414289,
     0.005567981613560857,
     0.044379960313017316,
     0.013261111787911964
    ],
    "dabs": [
     0.035234475754934075,
     -0.05757037153185782,
     -0.03408322305543303,
     0.0066062785970252315,
     0.011774415426172025,
     0.00821141860262043,
     0.0009502439957012054,
     0.013206721741012119,
     0.1250987999919642,
     0.03936354924792508
    ],
    "mean": 0.0018295538344530473,
    "ci": [
     -0.014061804818114703,
     0.01652705604184323
    ]
   }
  },
  "trend_direction": {
   "seasonal": {
    "dcrps": [
     -0.0014634834690341048,
     -0.0007677893915832689,
     -0.0046486851267918405,
     -0.0030173526331486386,
     0.00659658707047564,
     -0.013846698322385803,
     -0.0002633329396726572,
     0.0009440046888416487,
     0.049018917631767966,
     -0.012882615859012125
    ],
    "dabs": [
     -0.0020969981279075067,
     -0.005480448206537734,
     -0.007800440429224675,
     -0.0055400214075830775,
     0.010476005811833417,
     -0.01797546601803468,
     0.002677129088620757,
     0.00435610534901004,
     0.08127210202810642,
     -0.023216070194482352
    ],
    "mean": 0.0019669551649456815,
    "ci": [
     -0.006174812379668302,
     0.013748825114036209
    ]
   },
   "trend": {
    "dcrps": [
     -0.0015807365208478832,
     0.002087412056903047,
     -0.002261733663451489,
     -0.0012963022178090877,
     0.002437001165246977,
     -0.002838986372927241,
     -0.0015897764028512283,
     0.0014546585635336101,
     0.0022157868995228884,
     0.0026962401202665007
    ],
    "dabs": [
     -0.0024046236813327,
     0.002664549179389533,
     -0.0047803753148509525,
     -0.004673176665430512,
     0.0033371038631517906,
     -0.0037519988257150097,
     0.0003606586051597576,
     0.0028339134619642155,
     0.0038449766908346082,
     0.003230731932486297
    ],
    "mean": 0.00013235636275860937,
    "ci": [
     -0.0011808717176218385,
     0.001419534552132378
    ]
   },
   "changepoint": {
    "dcrps": [
     -0.005243188663257625,
     0.0008176249554724124,
     0.003775400160099855,
     -0.001535609243766091,
     -0.0017453052378650913,
     0.0022545516806724564,
     0.0003304623243000626,
     0.0004495149191921996,
     0.005696363723668996,
     0.0013405526951990876
    ],
    "dabs": [
     -0.006501546809900699,
     0.0013768926959201733,
     0.005702866833937656,
     -0.0024423570937302623,
     -0.002435613842964729,
     0.0024934392472653055,
     0.0016324463925749613,
     0.0015991262856554882,
     0.027611821277489762,
     0.0002604004858397513
    ],
    "mean": 0.0006140367313716262,
    "ci": [
     -0.0012553956525285846,
     0.00238827921751968
    ]
   },
   "mixed": {
    "dcrps": [
     -0.005497458436300548,
     0.0314539944208234,
     -0.0020362917443113096,
     -0.0001112129659146463,
     -0.0034865175072672644,
     0.005066656843601941,
     -0.002410423251147875,
     0.0021501706027337976,
     -0.004283134401514212,
     0.0018216509151653022
    ],
    "dabs": [
     -0.0038554229000036244,
     0.024644114759066943,
     -0.0012073554609316195,
     -0.00028203836332824257,
     0.013219806653902627,
     0.008291911310983578,
     -0.0001832433732827654,
     0.007167793634002368,
     -0.026077183826909964,
     0.012679281136743646
    ],
    "mean": 0.002266743447586859,
    "ci": [
     -0.002416914037270836,
     0.009592877734210536
    ]
   }
  },
  "cp_heads": {
   "seasonal": {
    "dcrps": [
     0.1770876191365945,
     0.23131432195437007,
     0.3896706030451638,
     0.6383807593244246,
     0.7589004772803756,
     0.3734624280134882,
     0.18175679716998075,
     0.16617422102028304,
     0.3157609978545045,
     0.02751348832073061
    ],
    "dabs": [
     0.36210052859770747,
     0.09947529877923904,
     0.6834899396960944,
     1.1607089285330494,
     1.263964445762441,
     0.712622871475218,
     0.1112744393404603,
     0.1036034202983073,
     0.3472915787310835,
     0.20664659633758728
    ],
    "mean": 0.3260021713119915,
    "ci": [
     0.20270625932546338,
     0.4664229857148888
    ]
   },
   "trend": {
    "dcrps": [
     0.0157489537914245,
     -0.0020109309449216533,
     0.002626916543357731,
     0.0009731523719941886,
     -0.0027850175698703357,
     -0.0009328146387558821,
     0.0031260007632698842,
     -0.0017379797739291007,
     0.0012279705874581196,
     -0.0034900064698194268
    ],
    "dabs": [
     0.015288884097015787,
     -0.0036436483072175667,
     0.0037152171729473195,
     3.800562786404789e-05,
     -0.0029703272045928444,
     -0.003303480327944062,
     0.007933787497900902,
     2.3630721289248993e-05,
     0.0025490131216559728,
     -0.005391122860490004
    ],
    "mean": 0.0012746244660208025,
    "ci": [
     -0.0013437886763482292,
     0.005011560980571453
    ]
   },