{
 "heads": [
  [
   5,
   7
  ],
  [
   4,
   1
  ],
  [
   4,
   7
  ]
 ],
 "cp": 84,
 "lag7_profile": [
  NaN,
  NaN,
  NaN,
  NaN,
  NaN,
  NaN,
  NaN,
  NaN,
  0.032241618695358444,
  0.0429080435850968,
  0.08086385273685058,
  0.09235862903296946,
  0.12721532480791212,
  0.15940148731072742,
  0.1693735880156358,
  0.15126808521648247,
  0.14319314888368048,
  0.15868348466853302,
  0.1509205416465799,
  0.13586020345489186,
  0.16782153223951657,
  0.1568783779939016,
  0.15441426138083142,
  0.1622572993238767,
  0.17572695861260096,
  0.16793492970367271,
  0.13215334018071495,
  0.11672814469784498,
  0.13072919026017188,
  0.14355594577888647,
  0.13318230298658212,
  0.1372933064897855,
  0.14206610346833864,
  0.16030709544817606,
  0.12861655255158738,
  0.13429390539725622,
  0.12915985838820537,
  0.11231910188992818,
  0.11840438991785049,
  0.11964619997888801,
  0.13116345380743344,
  0.11924843626717727,
  0.10102139413356781,
  0.11918453586598239,
  0.13071099159618219,
  0.10332976747304201,
  0.09026311199801662,
  0.08546016570180656,
  0.09738467795153459,
  0.10885581212739148,
  0.10599172928680975,
  0.10055413252363601,
  0.09745809497932592,
  0.10119415490577617,
  0.09003641701613863,
  0.08466765650858481,
  0.08875904679298402,
  0.09442247884968916,
  0.082518289424479,
  0.0918074960509936,
  0.08742032597462338,
  0.0905986862257123,
  0.0964210278665026,
  0.08981487788259981,
  0.08610974792391063,
  0.09698360345015923,
  0.08717543470362824,
  0.08363245235135158,
  0.08620010142525038,
  0.08806100341801842,
  0.08281009731193384,
  0.0729125672330459,
  0.07928640401611725,
  0.08142759762704373,
  0.08042999468743801,
  0.08465434946119785,
  0.0776730979482333,
  0.0944773208349943,
  0.1048186575373014,
  0.11155086184541385,
  0.10656719480951629,
  0.1034727322248121,
  0.0905338500936826,
  0.07544645791252455,
  0.07176072802394629,
  0.05818659256522855,
  0.04190069129302476,
  0.044239223350693156,
  0.033399839220995396,
  0.018338224129305067,
  0.01701904564385283,
  0.013267533556791023,
  0.011668705438144876,
  0.011160735090864666,
  0.01823404998188683,
  0.01598387130604048,
  0.018486102146077127,
  0.014923410573586201,
  0.017459439551263736,
  0.012308791878361567,
  0.015400572028496148,
  0.014392434427645642,
  0.009744429495185614,
  0.00728108334102823,
  0.008857721910559727,
  0.008545097430517973,
  0.013447282917331905,
  0.01158993879071204,
  0.010279910179936754,
  0.011826410769087185,
  0.011125445953560605,
  0.010530817693870629,
  0.012069252491831623,
  0.008792625148756391,
  0.007241493111359886,
  0.007285792522452541,
  0.006999587005096448,
  0.006909721940003996,
  0.01103913533249094,
  0.013286046293130007,
  0.013751135841691086,
  0.010981000117196042,
  0.012297853351022542,
  0.011100716755875813,
  0.010275225642423415,
  0.00950779242145169,
  0.010137773812190668,
  0.007828815815507064,
  0.0067922038644913614,
  0.0076006369158676534,
  0.01155322573479983,
  0.010688173748349072,
  0.013406512664096227,
  0.009669736969165874,
  0.012378007698741082,
  0.009918848438337591,
  0.010094210394951612,
  0.00837287697516634,
  0.0079733553373444,
  0.005634567229814516,
  0.007491242481925535,
  0.0072778559633206895,
  0.01393654887845817,
  0.015366252444194591,
  0.014921976843894905,
  0.01268540679088422,
  0.01622373978865047,
  0.015966109021671095,
  0.01629688821331001,
  0.012828691861500374,
  0.01349805480770859,
  0.009057510131083291,
  0.010261315029492835,
  0.008673433732868338,
  0.016246244985510812,
  0.016824104510760662,
  0.021279221138714395,
  0.019545951491681993,
  0.01972933333721206,
  0.0171391199479937,
  0.01912203645200255,
  0.02014567161274196,
  0.018474697901304654,
  0.014734618881584538,
  0.02044933720233833,
  0.018872566455744772,
  0.03340054225318454,
  0.030810446886365146,
  0.04698419685931489
 ],
 "lag12_profile": [
  NaN,
  NaN,
  NaN,
  NaN,
  NaN,
  NaN,
  NaN,
  NaN,
  NaN,
  NaN,
  NaN,
  NaN,
  NaN,
  0.009976971048066238,
  0.009735423668917064,
  0.008418958665182191,
  0.009000848900783847,
  0.004967908395807777,
  0.005001579133537841,
  0.005264340053357349,
  0.00804423048324073,
  0.006781460441652598,
  0.007611444052357304,
  0.007324599532936796,
  0.009457651496298541,
  0.007579228512410434,
  0.006378712890515695,
  0.008071213802259081,
  0.006192995306696502,
  0.00575741346774142,
  0.007224444333026743,
  0.005798921119594524,
  0.0051066679662047434,
  0.007616993740127025,
  0.008687516620587607,
  0.006263054342499193,
  0.008095601329857042,
  0.008521645030600667,
  0.006471069164748164,
  0.0061971265008348075,
  0.00754417163642908,
  0.010007173650895616,
  0.006191542108081194,
  0.006571621402129797,
  0.005263585009803743,
  0.0064284878841969345,
  0.004685538032678476,
  0.005490991205207743,
  0.00673384088433219,
  0.004984997086224515,
  0.006758269404538926,
  0.00847429505350495,
  0.0060127459656314376,
  0.005211183123318127,
  0.005325472141915573,
  0.0069651673764080145,
  0.006188670210144664,
  0.006003415431193086,
  0.006836050886552888,
  0.004528863926808905,
  0.005716626866797014,
  0.006679860947777646,
  0.007006350836445563,
  0.005405962524794935,
  0.005857152718923923,
  0.005791413254394228,
  0.006219934291774128,
  0.004761444444936084,
  0.007808162066051713,
  0.008061841432883434,
  0.006681170087798212,
  0.007383924344200448,
  0.0064119435473912745,
  0.007320510135347527,
  0.005937895156383396,
  0.007230003832425306,
  0.009570996636148264,
  0.006920637337793777,
  0.006959212208755616,
  0.00866793642342903,
  0.007896370762712952,
  0.007277534112461126,
  0.009150447673694847,
  0.012751288358958845,
  0.025929249405453447,
  0.029834822938816306,
  0.019887547675170935,
  0.02128802182463308,
  0.022491717880863387,
  0.024492746673058716,
  0.02339221625200783,
  0.01834821816519252,
  0.012565523060038686,
  0.011772049693051182,
  0.016183499389444477,
  0.01577964072688095,
  0.03369794967147754,
  0.05295355808921158,
  0.07075196989656736,
  0.09368427065201104,
  0.12184230805529903,
  0.1308700842782855,
  0.16421101558953524,
  0.18032641479124625,
  0.21546994956831136,
  0.25211590245986976,
  0.2194463719924291,
  0.22420901233951254,
  0.238475696866711,
  0.22965311314910647,
  0.2282163202141722,
  0.2529154432006181,
  0.21989331214378277,
  0.23550314505894976,
  0.20576748282959065,
  0.208824462381502,
  0.23006110352774461,
  0.20179684938242035,
  0.18838887475430968,
  0.17920450462649268,
  0.20848918209473294,
  0.21418744226296743,
  0.2065789313366016,
  0.18957200609147548,
  0.20311136903862156,
  0.1995917893325289,
  0.2066329705839356,
  0.210830977310737,
  0.18235623333603146,
  0.18223316793640454,
  0.17493664970000586,
  0.20400983182092508,
  0.21085385556022324,
  0.20022450747589268,
  0.1893749019751946,
  0.19176944848150015,
  0.17511549902458987,
  0.18295244096467891,
  0.18404495399445298,
  0.1804029554749529,
  0.1798625684653719,
  0.16184702521810929,
  0.16167179420590402,
  0.16961903714885312,
  0.1888641083613038,
  0.19287325361122687,
  0.15602609254419803,
  0.16277852468192577,
  0.16142743177091082,
  0.17581226943681638,
  0.18167964294552802,
  0.16311870428423086,
  0.17410795707255602,
  0.16981485094875098,
  0.1435084273417791,
  0.17603957888980706,
  0.2170417686303457,
  0.25809888454775015,
  0.23931802188356718,
  0.2630362965166569,
  0.24045922011137008,
  0.23704072882731758,
  0.25426915573577086,
  0.28255074732005603,
  0.2906128930548827,
  0.29745226856321094,
  0.2973140593307714,
  0.3074974000453949,
  0.20922904051840305
 ],
 "relock_latency_steps": 5,
 "input_detected": true,
 "steering_k": [
  -4,
  -2,
  -1,
  -0.5,
  0.5,
  1,
  2,
  4
 ],