{
 "model": "amazon/chronos-t5-small",
 "heads": [
  [
   5,
   7
  ],
  [
   4,
   1
  ],
  [
   4,
   7
  ]
 ],
 "dataset": "ETTh1/OT",
 "context": 168,
 "horizon": 24,
 "period": 24,
 "activations": [
  2.0052594038320652,
  3.9126630585215576,
  3.0239523116380416,
  3.3202707538633454,
  4.876192669362648,
  4.940360756606249,
  2.0676162592444047,
  3.1922597159834982,
  5.588058925864069,
  5.679666026752922,
  4.355275819566679,
  4.180877251622874,
  3.1978723917619765,
  3.32620258104777,
  3.7867908053778607,
  2.7876597394836913,
  4.005604253588844,
  5.172379613774617,
  3.010895318493971,
  2.4113475981009995,
  2.93392080399343,
  1.7714552416735458,
  2.9485290830201145,
  1.6692495065351132,
  2.149684846532035,
  2.6542199434955944,
  3.3222704442932898,
  1.5971376130047534,
  2.76182419324242,
  1.9817904222896559,
  2.8944918899535264,
  2.526331146892085,
  2.3206986528446465,
  2.0696229465200564,
  2.8213951046774963,
  2.5183651783313095,
  1.966703036864114,
  2.2423349003154063,
  2.2986901585421893,
  1.2126354956263006,
  2.500325405379908,
  2.7541244340783595,
  3.0099962347756244,
  2.369724324960385,
  2.463316295448234,
  1.8634542718369775,
  3.195823523563137,
  2.6423463639147657,
  2.1849515779445716,
  4.275555731300641,
  3.406381950328583,
  3.0462212817193097,
  3.3714581863925854,
  1.6415692663668053,
  0.3887519553042849,
  2.0665534126793967,
  2.4899103656420576,
  2.393910167638255,
  2.720074672076288,
  3.6304213359338733,
  3.177070086677277,
  3.438974578599851,
  3.369460566059599,
  2.8531105467426996,
  3.030442638016386,
  2.800830009226708,
  2.8858298497607304,
  3.3786412694166894,
  4.403421148065139,
  2.958694843456003,
  3.504630235702886,
  3.640240837893957,
  3.947532532388001,
  2.8591408710021313,
  3.60185928212748,
  2.6392226016258875,
  2.880900739106988,
  2.8301558513982186,
  3.931903074287358,
  4.597397681413867,
  5.413227809982309,
  4.551245545990167,
  2.6556290327106846,
  2.987923863977123,
  2.0777114136999995,
  3.513710240027373,
  3.7273654873850943,
  2.7767766470311805,
  1.7253424613586639,
  2.580896212042349,
  3.2676330987661557,
  4.605029702724123,
  3.243801734341435,
  1.1350008223359849,
  0.777977351771948,
  2.1769670664201692,
  3.5209551913833663,
  1.6672582062545722,
  2.6827987438244763,
  3.3128344679925696,
  3.2158205702405827,
  2.5418050737573523,
  3.0237553140867006,
  3.593828724337991,
  2.200639901110947,
  2.792610889118143,
  2.29242229449852,
  3.1212187410326973,
  2.734877745024719,
  2.5429505965936428,
  1.9798934217899593,
  2.776338906226988,
  2.128839053849177,
  1.0555526215493127,
  1.0060167316424675,
  1.5369599820955449,
  2.2974379984273887,
  1.0064951999582152,
  1.9044773842506768,
  0.8802744202546985,
  1.9386033293822866,
  1.5816657349036305,
  1.8848127085286912,
  1.2710127021524718,
  1.4329442469725935,
  2.305905333845676,
  1.8560978573202531,
  2.7526326866381248,
  4.0469385902121,
  2.41164509286208,
  3.31525718207698,
  3.969545374755104,
  2.2641323327975855,
  2.0703638808797655,
  3.033385361005632,
  3.8225037242977344,
  4.649460013145041,
  3.2697309754663055,
  3.4007081752199078,
  2.5476730330980963,
  3.1810240621889903,
  3.862310147168987,
  1.4634911341997183,
  2.587202331382617,
  3.057871970348648,
  2.4885894756804157,
  2.9689487787551534,
  4.520297314796474,
  3.9827252984619608,
  1.9477820307988851
 ],
 "mase": [
  0.43537566210972095,
  1.0535471001287995,
  0.33999439222328703,
  1.1727473885122068,
  0.6173388075430407,
  0.6477729622887325,
  0.931503189169947,
  1.529332066165,
  0.40659791681228363,
  5.525509828882236,
  0.3734236645441731,
  0.6620527881892534,
  0.7035653343705977,
  0.24376902490995841,
  0.4323291575115201,
  0.44749749980712444,
  0.49756888845687364,
  5.679088423080224,
  1.8295153838468905,
  0.6251832041427358,
  0.408013284630865,
  0.4813907232834337,
  2.324207319114401,
  0.6438173313730103,
  0.5566155892249341,
  0.4845940569941713,
  0.9898077938713643,
  1.0513374391753005,
  1.5191734163332382,
  0.190078194407735,
  1.2553717304347363,
  0.271940797968368,
  0.4764783353230058,
  0.2452796166688635,
  0.8536609069597971,
  0.8284920634120545,
  0.42619301849996327,
  0.6413427601266346,
  0.47858973409484723,
  0.5358836508574922,
  0.4183399608355464,
  0.9817641319585275,
  1.0343167459791849,
  0.24713299389093157,
  0.38246052130657715,
  0.47000248207582557,
  0.8675112889942245,
  0.5665541733025216,
  0.3050573372811115,
  1.1641383424843497,
  1.4713049225973165,
  0.919007964445587,
  0.35346470588129153,
  0.4960597097263002,
  0.471054122253113,
  2.6516616204642687,
  0.29072211376971313,
  1.848210990930996,
  1.1509330723678515,
  0.6163472426319043,
  0.7488286476011442,
  0.4882428947350594,
  1.1538275305422476,
  0.2142940341980081,
  1.079077568401279,
  0.22864695563226894,
  0.85693005201393,
  0.4713631899292799,
  0.6333577859276911,
  2.1951486343026683,
  0.7525036583295701,
  0.6438112894637273,
  3.023053116235797,
  0.9142237945407253,
  0.4442556941011246,
  0.4180756517382497,
  1.2797534509490358,
  0.30219463869633606,
  1.670069835104718,
  1.6656838861980618,
  0.529798339345991,
  1.5427965696632886,
  0.4148501216219672,
  1.0291672365606073,
  0.5056804988868704,
  0.34596625957792,
  0.9044700343788248,
  1.134414141584117,
  0.49324065795367233,
  0.7647611848096362,
  0.5081987541385403,
  3.086192099113375,
  0.7906773384567054,
  0.7701036461249474,
  0.3089096321946516,
  0.45068865532896113,
  0.5211731171035264,
  0.7929990270902768,
  1.1044817500811508,
  0.6948314663924101,
  0.32172594232591417,
  0.3829272115650239,
  0.3130240737102543,
  1.032552906065594,
  0.4162526324270141,
  1.1080779810408738,
  0.12428335433182691,
  0.33903277845187724,
  0.5870098126043035,
  0.44697164178265814,
  0.3471030048517395,
  1.9877711038803543,
  0.6138112935119312,
  2.473777331375357,
  0.45415986195292884,
  0.3460143006603484,
  0.3917209766111019,
  1.1780474254947615,
  0.9016567410142627,
  1.3070268929128874,
  0.7877022244069267,
  0.9188992763122493,
  0.3954221620928568,
  0.5005438829209362,
  0.5900195259523611,
  1.011298131641175,
  0.6787456109025424,
  0.6574264281088344,
  0.4032531961268395,
  1.3087379269981771,
  0.7329710756260818,
  0.5219607752425464,
  1.0741526948660083,
  0.2596739068103911,
  0.4770837290522096,
  0.8826492919291835,
  0.5697524049715462,
  0.9326017035047184,
  0.548797655347543,
  1.016848732730455,
  1.8408746047416211,
  1.9297298780630416,
  1.0329395843270572,
  0.6581197376554856,
  0.6621813769227515,
  1.1560020933275574,
  0.89628665021089,
  0.3001978050333606,
  0.438232880597551,
  0.22611034825206824
 ],
 "spearman": [
  0.17829947997688786,
  0.029038095945755044
 ],
 "auc": 0.4210526315789474,
 "coverage_mase": {
  "1.0": 0.865872868592802,
  "0.75": 0.9255030813483777,
  "0.5": 1.0111033596673,
  "0.25": 1.1485644488577262
 },